{"Loss": 7.047028452157974, "_timestamp": 1722870456.0925395, "_runtime": 1296.8278386592865, "_step": 439, "_wandb": {"runtime": 1298}}