{"Loss": 15.533827483654022, "_timestamp": 1722872934.0691688, "_runtime": 555.6736018657684, "_step": 180, "_wandb": {"runtime": 555}}