{"Loss": 30.8179233036344, "_timestamp": 1723031060.7696269, "_runtime": 408.422034740448, "_step": 36, "_wandb": {"runtime": 410}}