{"Loss": 0.12404438167337388, "_timestamp": 1722940001.0183122, "_runtime": 21.526860237121582, "_step": 1, "_wandb": {"runtime": 23}}