{"Loss": 37.798567205667496, "_timestamp": 1722956744.4212883, "_runtime": 2443.989158153534, "_step": 117, "_wandb": {"runtime": 2453}}