{"Loss": 0.04255513125099242, "_timestamp": 1722429202.914639, "_runtime": 364.5383141040802, "_step": 99, "_wandb": {"runtime": 364}}