{"Loss": 0.036437199683859944, "_timestamp": 1722854629.1545258, "_runtime": 67.29809665679932, "_step": 99, "_wandb": {"runtime": 66}}