{"Loss": 79.68011613876101, "_timestamp": 1722856347.622152, "_runtime": 1098.4403371810913, "_step": 109, "_wandb": {"runtime": 1106}}