{"Loss": 0.09712742154414837, "_timestamp": 1722618973.1417751, "_runtime": 591.3614401817322, "_step": 39, "_wandb": {"runtime": 590}}