{"Loss": 0.2264726711437106, "_timestamp": 1722421561.3571079, "_runtime": 13.274965763092041, "_step": 1, "_wandb": {"runtime": 14}}