{"Loss": 0.38728368613455033, "_timestamp": 1722935873.758944, "_runtime": 289.11785411834717, "_step": 999, "_wandb": {"runtime": 288}}