{"Loss": 134.75162524818197, "_timestamp": 1723547279.1485004, "_runtime": 102.12978744506836, "_step": 30, "_wandb": {"runtime": 104}}