{"Loss": 80.37930025373187, "_timestamp": 1722774995.923861, "_runtime": 4299.5680639743805, "_step": 10, "_wandb": {"runtime": 4363}}