{"Loss": 10.060948014259338, "_timestamp": 1722869146.002322, "_runtime": 54.94186592102051, "_step": 17, "_wandb": {"runtime": 56}}