{"Loss": 0.37958683097173296, "_timestamp": 1722877927.3090808, "_runtime": 6.81766676902771, "_step": 1, "_wandb": {"runtime": 4}}