{"Loss": 42.969714015722275, "_timestamp": 1722858663.5504866, "_runtime": 3.960918664932251, "_step": 0, "_wandb": {"runtime": 4}}