{"Loss": 0.03534002083389065, "_timestamp": 1722864131.67711, "_runtime": 3667.5053288936615, "_step": 878}