{"Loss": 9.769315280020237, "_timestamp": 1722858885.9503963, "_runtime": 121.35527729988098, "_step": 99, "_wandb": {"runtime": 121}}