{"Loss": 0.3849290968879821, "_timestamp": 1722878005.2296627, "_runtime": 57.89394664764404, "_step": 199, "_wandb": {"runtime": 57}}