{"Loss": 19.06783302549861, "_timestamp": 1723546696.9221947, "_runtime": 191.0430498123169, "_step": 58, "_wandb": {"runtime": 193}}