{"Loss": 0.12242603432091456, "_timestamp": 1722941021.8258376, "_runtime": 1005.0769386291504, "_step": 100, "_wandb": {"runtime": 1011}}