{"Loss": 0.09937309932250243, "_timestamp": 1722340018.617795, "_runtime": 346.2631778717041, "_step": 99, "_wandb": {"runtime": 345}}