{"Loss": NaN, "_timestamp": 1722525080.091018, "_runtime": 40.56274604797363, "_step": 1, "_wandb": {"runtime": 50}}