{"Loss": 0.020072082057595253, "_timestamp": 1722866919.6077776, "_runtime": 468.9104685783386, "_step": 252, "_wandb": {"runtime": 469}}