{"Loss": NaN, "_timestamp": 1722525926.288345, "_runtime": 87.02295017242432, "_step": 3, "_wandb": {"runtime": 88}}