{"Loss": 45.50916102528572, "_timestamp": 1723028009.877543, "_runtime": 3643.000828027725, "_step": 349}