{"Loss": 30.32568577357701, "_timestamp": 1723542620.472935, "_runtime": 647.794499874115, "_step": 59, "_wandb": {"runtime": 654}}