{"Loss": 5.909353896975517, "_timestamp": 1722872171.5408163, "_runtime": 797.0238642692566, "_step": 260, "_wandb": {"runtime": 797}}