{"Loss": 25.499489325735915, "_timestamp": 1723545070.5670314, "_runtime": 278.6640634536743, "_step": 85, "_wandb": {"runtime": 278}}