{"Loss": 2.856231647824484, "_timestamp": 1722875678.814239, "_runtime": 2057.6431760787964, "_step": 199, "_wandb": {"runtime": 2057}}