{"Loss": 80.17206658257379, "_timestamp": 1722852643.1675215, "_runtime": 448.9180655479431, "_step": 39, "_wandb": {"runtime": 448}}