{"Loss": 0.16319407732225955, "_timestamp": 1723032811.082438, "_runtime": 11.507790088653564, "_step": 0, "_wandb": {"runtime": 19}}