{"Loss": 15.392151143815783, "_timestamp": 1723037353.0900877, "_runtime": 650.5588626861572, "_step": 62, "_wandb": {"runtime": 651}}