{"Loss": 6.341074291028474, "_timestamp": 1723543789.2625918, "_runtime": 262.5929627418518, "_step": 80, "_wandb": {"runtime": 263}}