{"Loss": 0.10191640659020497, "_timestamp": 1722333907.169763, "_runtime": 368.6556751728058, "_step": 99, "_wandb": {"runtime": 368}}