{"Loss": NaN, "_timestamp": 1722957233.6572409, "_runtime": 311.7403998374939, "_step": 13, "_wandb": {"runtime": 327}}