{"Loss": NaN, "_timestamp": 1722525224.850205, "_runtime": 121.16565799713135, "_step": 5, "_wandb": {"runtime": 133}}