{"Loss": 0.021054791153541634, "_timestamp": 1723032502.897945, "_runtime": 1296.4188809394836, "_step": 127, "_wandb": {"runtime": 1299}}