{"Loss": 0.0436106933047995, "_timestamp": 1722854538.4780843, "_runtime": 9.40168833732605, "_step": 10, "_wandb": {"runtime": 9}}