{"Loss": 141.71517960344883, "_timestamp": 1723545563.9924715, "_runtime": 294.47087955474854, "_step": 89, "_wandb": {"runtime": 294}}