{"Loss": 157.22490429878235, "_timestamp": 1722858138.317181, "_runtime": 120.94561505317688, "_step": 99, "_wandb": {"runtime": 120}}