{"Loss": 10.091755572410802, "_timestamp": 1723549078.4291015, "_runtime": 492.9622573852539, "_step": 47, "_wandb": {"runtime": 502}}