{"Loss": 19.2822815728566, "_timestamp": 1723038362.6009896, "_runtime": 527.0785734653473, "_step": 50, "_wandb": {"runtime": 527}}