{"Loss": 161.72688233852386, "_timestamp": 1722858001.5250082, "_runtime": 3.5771872997283936, "_step": 0, "_wandb": {"runtime": 4}}