{"Loss": 0.05949989381054091, "_timestamp": 1722703706.2863739, "_runtime": 4966.24711894989, "_step": 19, "_wandb": {"runtime": 4981}}