{"Loss": 0.12029495695605874, "_timestamp": 1722427022.951562, "_runtime": 663.352432012558, "_step": 39, "_wandb": {"runtime": 662}}