{"Loss": 0.725611878093332, "_timestamp": 1722867064.8972862, "_runtime": 3.702167272567749, "_step": 0, "_wandb": {"runtime": 4}}