{"Loss": 0.03164924471639097, "_timestamp": 1723034284.8002727, "_runtime": 1452.84791970253, "_step": 149}