{"Loss": 9.552940065898593, "_timestamp": 1722959749.7084725, "_runtime": 2294.74205160141, "_step": 106, "_wandb": {"runtime": 2292}}