{"Loss": 0.015054965832907902, "_timestamp": 1723546304.5019557, "_runtime": 421.90100479125977, "_step": 130, "_wandb": {"runtime": 423}}