{"Loss": 0.05886726779863238, "_timestamp": 1722518721.817278, "_runtime": 659.7143549919128, "_step": 39, "_wandb": {"runtime": 657}}