{"Loss": 212.38309510635506, "_timestamp": 1723547633.0216265, "_runtime": 170.0393135547638, "_step": 52, "_wandb": {"runtime": 170}}