{"Loss": 1.7409693029169973, "_timestamp": 1723544732.544774, "_runtime": 577.0658111572266, "_step": 180, "_wandb": {"runtime": 579}}