{"Loss": 0.041302223689854145, "_timestamp": 1722509321.26797, "_runtime": 311.2221910953522, "_step": 99, "_wandb": {"runtime": 310}}