{"Loss": 57.275897800922394, "_timestamp": 1722858721.9638464, "_runtime": 48.4834463596344, "_step": 38, "_wandb": {"runtime": 48}}