{"Loss": 3.6270269341766834, "_timestamp": 1722950696.916988, "_runtime": 1170.4510049819946, "_step": 803, "_wandb": {"runtime": 1171}}