{"Loss": 39.36317139863968, "_timestamp": 1723036172.7900338, "_runtime": 443.5345299243927, "_step": 42, "_wandb": {"runtime": 451}}