{"Loss": 51.99092674255371, "_timestamp": 1722869075.5684059, "_runtime": 11.976760864257812, "_step": 3, "_wandb": {"runtime": 11}}