{"Loss": 0.044023232301697135, "_timestamp": 1722421650.753744, "_runtime": 46.69383192062378, "_step": 19, "_wandb": {"runtime": 46}}