{"Loss": 0.037568194791674614, "_timestamp": 1722859458.9479573, "_runtime": 175.79902029037476, "_step": 199, "_wandb": {"runtime": 175}}