{"Loss": 91.38382971914191, "_timestamp": 1723547056.8726606, "_runtime": 230.2148826122284, "_step": 70, "_wandb": {"runtime": 229}}