{"Loss": 0.040236575179733336, "_timestamp": 1722430415.050763, "_runtime": 306.04837799072266, "_step": 99, "_wandb": {"runtime": 305}}