{"Loss": 0.13700676336884499, "_timestamp": 1722426329.3852239, "_runtime": 49.17963194847107, "_step": 2, "_wandb": {"runtime": 63}}