{"Loss": 2.8201437904721214, "_timestamp": 1722952001.3616571, "_runtime": 262.8969552516937, "_step": 24}