{"Loss": 1872.4311573654413, "_timestamp": 1723545785.357163, "_runtime": 118.17468285560608, "_step": 35, "_wandb": {"runtime": 120}}