{"Loss": NaN, "_timestamp": 1722526365.883424, "_runtime": 414.1457760334015, "_step": 18, "_wandb": {"runtime": 422}}