{"Loss": 0.39262978898154366, "_timestamp": 1722879490.1953452, "_runtime": 2.5269381999969482, "_step": 2, "_wandb": {"runtime": 2}}