{"Loss": 0.03967107133939862, "_timestamp": 1722421910.7675362, "_runtime": 223.24323415756226, "_step": 99, "_wandb": {"runtime": 222}}