{"Loss": 1451.93039894104, "_timestamp": 1722859270.9661467, "_runtime": 21.671022653579712, "_step": 21, "_wandb": {"runtime": 21}}