{"Loss": 0.12775426171720028, "_timestamp": 1722426184.410264, "_runtime": 51.06317710876465, "_step": 2, "_wandb": {"runtime": 61}}